State,Population,Density
Alabama,5024279,27
Alaska,733391,50
Arizona,7151502,33
Arkansas,3011524,34
California,39538223,11
Colorado,5773714,37
Connecticut,3605944,4
Delaware,989948,6
Florida,21538187,8
Georgia,10711908,17
Hawaii,1455271,13
Idaho,1839106,44
Illinois,12812508,12
Indiana,6785528,16
Iowa,3190369,36
Kansas,2937880,41
Kentucky,4505836,22
Louisiana,4657757,23
Maine,1362359,38
Maryland,6177224,5
Massachusetts,7029917,3
Michigan,10077331,18
Minnesota,5706494,30
Mississippi,2961279,32
Missouri,6154913,28
Montana,1084225,48
Nebraska,1961504,43
Nevada,3104614,42
New Hampshire,1377529,21
New Jersey,9288994,1
New Mexico,2117522,45
New York,20201249,7
North Carolina,10439388,15
North Dakota,779094,47
Ohio,11799448,10
Oklahoma,3959353,35
Oregon,4237256,39
Pennsylvania,13002700,9
Rhode Island,1097379,2
South Carolina,5118425,19
South Dakota,886667,46
Tennessee,6910840,20
Texas,29145505,26
Utah,3271616,40
Vermont,643077,31
Virginia,8631393,14
Washington,7705281,24
West Virginia,1793716,29
Wisconsin,5893718,25
Wyoming,576851,49
